review,sentiment
"A warm and funny movie with a satisfying ending.",positive
"The acting was excellent and the story kept me interested.",positive
"I loved the characters and the soundtrack was beautiful.",positive
"A smart film with strong performances and real emotion.",positive
"The plot was simple but the movie was charming.",positive
"Great pacing, sharp dialogue, and a memorable final scene.",positive
"This was an enjoyable movie that I would recommend.",positive
"The direction was confident and the cast did a great job.",positive
"A thoughtful and entertaining film from start to finish.",positive
"The movie was moving, clever, and very well made.",positive
"A boring film with weak acting and a predictable story.",negative
"The script was messy and the ending made no sense.",negative
"I did not enjoy this movie and it felt far too long.",negative
"The characters were flat and the jokes were not funny.",negative
"Poor pacing, bad dialogue, and no emotional impact.",negative
"This was a disappointing movie that wasted its ideas.",negative
"The plot was confusing and the performances felt forced.",negative
"I found the film dull, slow, and forgettable.",negative
"The movie failed to build tension or deliver a good ending.",negative
"A weak and unconvincing story with terrible pacing.",negative
